[{"item":"armoire 1 porte","volume (m3)":0.24,"pi\u00e8ce":"salon"},{"item":"balan\u00e7oire d\u00e9mont\u00e9e","volume (m3)":1.1,"pi\u00e8ce":"divers-jardin"},{"item":"banc - coffre de lit","volume (m3)":0.2,"pi\u00e8ce":"chambre"},{"item":"barbecue non pliable","volume (m3)":0.68,"pi\u00e8ce":"divers-jardin"},{"item":"barbecue pli\u00e9","volume (m3)":0.24,"pi\u00e8ce":"divers-jardin"},{"item":"biblioth\u00e8que","volume (m3)":1.5,"pi\u00e8ce":"salon"},{"item":"biblioth\u00e8que","volume (m3)":1.5,"pi\u00e8ce":"bureau"},{"item":"buffet","volume (m3)":2.0,"pi\u00e8ce":"salle \u00e0 manger"},{"item":"bureau","volume (m3)":1.2,"pi\u00e8ce":"bureau"},{"item":"canape angle + meridienne \/ 3 places","volume (m3)":2.9,"pi\u00e8ce":"salon"},{"item":"canape droit 1 place","volume (m3)":0.8,"pi\u00e8ce":"salon"},{"item":"chaise","volume (m3)":0.2,"pi\u00e8ce":"cuisine"},{"item":"chaise de jardin","volume (m3)":0.25,"pi\u00e8ce":"divers-jardin"},{"item":"chaise haute","volume (m3)":0.3,"pi\u00e8ce":"cuisine"},{"item":"commode 6 tiroirs","volume (m3)":1.2,"pi\u00e8ce":"salon"},{"item":"cong\u00e9lateur","volume (m3)":1.0,"pi\u00e8ce":"cuisine"},{"item":"cuisini\u00e8re","volume (m3)":0.5,"pi\u00e8ce":"cuisine"},{"item":"etagere murale","volume (m3)":0.8,"pi\u00e8ce":"bureau"},{"item":"fauteuil","volume (m3)":0.6,"pi\u00e8ce":"salon"},{"item":"fauteuil bureau","volume (m3)":0.6,"pi\u00e8ce":"bureau"},{"item":"four micro-ondes","volume (m3)":0.5,"pi\u00e8ce":"cuisine"},{"item":"four seul","volume (m3)":0.7,"pi\u00e8ce":"cuisine"},{"item":"frigo am\u00e9ricain","volume (m3)":2.0,"pi\u00e8ce":"cuisine"},{"item":"lampe de chevet","volume (m3)":0.13,"pi\u00e8ce":"chambre"},{"item":"lampe sur pied \/ luminaire","volume (m3)":0.25,"pi\u00e8ce":"salon"},{"item":"lave-linge","volume (m3)":0.5,"pi\u00e8ce":"bureau"},{"item":"lave-vaisselle","volume (m3)":0.5,"pi\u00e8ce":"cuisine"},{"item":"lit 1 place","volume (m3)":1.0,"pi\u00e8ce":"chambre"},{"item":"lit 2 places","volume (m3)":2.0,"pi\u00e8ce":"chambre"},{"item":"lit superpos\u00e9","volume (m3)":2.0,"pi\u00e8ce":"chambre"},{"item":"matelas 1 place","volume (m3)":0.6,"pi\u00e8ce":"chambre"},{"item":"matelas 2 places 140*200","volume (m3)":0.7,"pi\u00e8ce":"chambre"},{"item":"meridienne seule","volume (m3)":1.26,"pi\u00e8ce":"salon"},{"item":"meuble tele \/ hi-fi","volume (m3)":0.5,"pi\u00e8ce":"salon"},{"item":"ordianteur","volume (m3)":0.1,"pi\u00e8ce":"bureau"},{"item":"parasol","volume (m3)":0.15,"pi\u00e8ce":"divers-jardin"},{"item":"piano","volume (m3)":2.3,"pi\u00e8ce":"salon"},{"item":"placard","volume (m3)":0.5,"pi\u00e8ce":"cuisine"},{"item":"plaques de cuisson","volume (m3)":0.02,"pi\u00e8ce":"cuisine"},{"item":"pouf","volume (m3)":0.3,"pi\u00e8ce":"salon"},{"item":"r\u00e9frig\u00e9rateur","volume (m3)":1.5,"pi\u00e8ce":"cuisine"},{"item":"secr\u00e9taire - coiffeuse","volume (m3)":1.0,"pi\u00e8ce":"chambre"},{"item":"table 2 personnes","volume (m3)":0.41,"pi\u00e8ce":"salle \u00e0 manger"},{"item":"table 4 personnes","volume (m3)":1.4,"pi\u00e8ce":"salle \u00e0 manger"},{"item":"table basse","volume (m3)":0.3,"pi\u00e8ce":"salon"},{"item":"table de chevet","volume (m3)":0.25,"pi\u00e8ce":"chambre"},{"item":"table de cuisine","volume (m3)":0.7,"pi\u00e8ce":"cuisine"},{"item":"table de jardin","volume (m3)":0.8,"pi\u00e8ce":"divers-jardin"},{"item":"table de ping pong","volume (m3)":2.0,"pi\u00e8ce":"divers-jardin"},{"item":"t\u00e9l\u00e9viseur","volume (m3)":0.3,"pi\u00e8ce":"salon"}]